[{"title":"Pride and Prejudice","author":"Jane Austen","id":0,"publishDay":"28.01.1813","genre":["drama","classics"],"imageUrl":"https://m.media-amazon.com/images/I/51tiK-eB3JL.jpg","price":18,"bookCover":"hard","publisher":"Martin","sold":100,"synopsis":"Pride and Prejudice follows the turbulent relationship between Elizabeth Bennet, the daughter of a country gentleman, and Fitzwilliam Darcy, a rich aristocratic landowner. They must overcome the titular sins of pride and prejudice in order to fall in love and marry."},{"title":"To Kill a Mockingbird","author":"Harper Lee","id":1,"publishDay":"03.10.2011","genre":["classics","novel"],"imageUrl":"https://images-na.ssl-images-amazon.com/images/I/517-jvZfzRL._AC_UL600_SR375,600_.jpg","price":20.52,"bookCover":"hard","publisher":"Martin","sold":200,"synopsis":"It is narrated by Scout Finch, a six-year-old tomboy who lives with her lawyer father Atticus and her ten-year-old brother Jem. During the novel Scout, Jem and their friend Dill try to make their reclusive neighbour Boo Radley leave his house. Boo has not been seen in Maycomb since he was a teenager."},{"title":"The Invincible Summer of Juniper Jones","author":"Daven Mcqueen","id":2,"publishDay":"06.03.2005","genre":["historical"],"imageUrl":"https://images-na.ssl-images-amazon.com/images/I/81H6+dru43L.jpg","price":12,"bookCover":"soft","publisher":"Penguin Books Ltd","sold":546,"synopsis":"Ethan, a mixed, biracial boy from Washington, is sent to a white town in Alabama after he got into some trouble at home. His parents are separated and his father sends him to spend the summer with his white aunt and uncle to teach him a lesson."},{"title":"The Little Prince","author":"Antoine de Saint-Exupery","id":3,"publishDay":"22.01.2000","genre":["children"],"imageUrl":"https://images-na.ssl-images-amazon.com/images/I/61Zi2jjgfIL.jpg","price":21.28,"bookCover":"soft","publisher":"Vintage Publishing","sold":156,"synopsis":"The story follows a young prince who visits various planets in space, including Earth, and addresses themes of loneliness, friendship, love, and loss. Despite its style as a children's book, The Little Prince makes observations about life, adults and human nature."},{"title":"The Crown","author":"Robert Lacey","id":4,"publishDay":"04.12.2007","genre":["biography","royalty","history"],"imageUrl":"https://images.penguinrandomhouse.com/cover/9780525573371","price":30,"bookCover":"hard","publisher":"Bonnier Books Ltd","sold":945,"synopsis":"Premise. The Crown portrays the life of Queen Elizabeth II from her wedding in 1947 to Philip, Duke of Edinburgh, until the early 21st century. The book depicts events up to 1955, with Winston Churchill resigning as prime minister and the Queen's sister Princess Margaret deciding not to marry Peter Townsend."},{"title":"Toto","author":"Ximo Abadia","id":5,"publishDay":"12.05.2020","genre":["animal stories","discovery"],"imageUrl":"https://images-na.ssl-images-amazon.com/images/I/71XYbOccBlL.jpg","price":40,"bookCover":"hard","publisher":"Templar Publishing","sold":800,"synopsis":"TOTO is about a young Filipino hotel room service attendant who is determined to obtain a U.S. visa by any means. But when his schemes put the lives of his loved ones in danger, he is forced to question the extremity of his actions and reevaluate the cost of fulfilling his dream."},{"title":"Broken Things Inside","author":"Lauren Oliver","id":6,"publishDay":"20.09.2018","genre":["drama","biography"],"imageUrl":"https://images-na.ssl-images-amazon.com/images/I/61TToUZHdcL.jpg","price":"28.30","bookCover":"soft","publisher":"Hodder & Stoughton","sold":"476","synopsis":"Everyone thinks Mia and Brynn killed their best friend. That driven by their obsession with a novel called The Way into Lovelorn the three girls had imagined themselves into the magical world where their fantasies became twisted, even deadly."},{"title":"Red Sparrow","author":"Jason Matthews","id":7,"publishDay":"20.09.2018","genre":["espionage","fiction"],"imageUrl":"https://i.gr-assets.com/images/S/compressed.photo.goodreads.com/books/1361806944l/15803037.jpg","price":17.01,"bookCover":"soft","publisher":"Simon & Schuster Ltd","sold":775,"synopsis":"In modern-day Russia, Dominika Egorova is a famous ballerina who supports her ill mother. Following a career-ending injury, Dominika is approached by her uncle Ivan, the Deputy Director of SVR. She is tasked with seducing Dimitry Ustinov, a Russian gangster, in exchange for her mother's continued medical care."},{"title":"Nemesis","author":"Jo Nesbo","id":8,"publishDay":"17.04.2011","genre":["detective","drama"],"imageUrl":"https://kbimages1-a.akamaihd.net/4bff7a26-de6f-4526-ab7d-f368f63a1491/1200/1200/False/nemesis-6.jpg","price":12,"bookCover":"hard","publisher":"Vintage Publishing","sold":801,"synopsis":"Miss Marple receives a letter from the solicitors of the recently deceased Jason Rafiel, a millionaire whom she had met during a holiday on which she had encountered a murder, which asks her to look into an unspecified crime; if she succeeds in solving the crime, she will inherit £20,000"},{"title":"The Lord of the Rings","author":"J. R. R. Tolkien","id":9,"publishDay":"04.11.2003","genre":["fantasy","classics"],"imageUrl":"https://assets.whsmith.co.uk/product-image/large/9780261103573-10-000_1.jpg","price":57.19,"bookCover":"hard","publisher":"HarperCollins Publishers","sold":745,"synopsis":"Bilbo celebrates his 111th birthday and leaves the Shire suddenly, leaving the Ring to Frodo Baggins, his cousin[c] and heir. Neither hobbit is aware of the Ring's nature, but the wizard Gandalf realises that it is a Ring of Power. Seventeen years later, Gandalf tells Frodo that he has confirmed that the Ring is the one lost by the Dark Lord Sauron long ago and counsels him to take it away from the Shire."}]