[{"name":"Mushvig","surname":"Niftaliyev","mail":"mushvig@gmail.com","password":"mush123","id":606250,"superUser":true},{"name":"Mushvig","surname":"Niftaliyev","mail":"1","password":"1","id":606250,"superUser":true},{"name":"Elnnur","surname":"Mammadli","mail":"elnur@gmail.com","password":"123","id":463750,"superUser":false},{"name":"Elcin","surname":"Islamov","mail":"elcin@gmail.com","password":"elcin123","id":347909,"superUser":false},{"name":"123","surname":"123","mail":"123","password":"123","id":1811,"superUser":false},{"name":"0","surname":"","mail":"","password":"","id":29429,"superUser":false},{"name":"","surname":"","mail":"@","password":"","id":843827,"superUser":false},{"name":"11","surname":"11","mail":"11","password":"11","id":757969,"superUser":false},{"name":"Mushvig","surname":"Niftaliyev","mail":"mushvig.niftaliyev@gmail.com","password":"mush123","id":92330,"superUser":false}]